KANTASIA by S.S.D. PRODUCTS,A MINSTREL,beatmania iidx19 lincle a minstrel～ver.short-scape～(another),3606,3,3,5.0,-10.2861623475388,1
KANTASIA by S.S.D. PRODUCTS,A MINSTREL,kantasia by ssd products - 19. a minstrel ~ver.short-scape~ 〔la fabelo〕,8,0,0,0.0,-24.6979520088512,1
Qrispy Joybox,Almace,beatmania iidx19 lincle almace(another),15281,22,5,5.0,36.4533917106937,0
Qrispy Joybox,Almace,qrispy joybox - almace,75,0,1,5.0,-24.4295507779375,1
Qrispy Joybox,Almace,[electric dance wave] qrispy joybox feat. mao - music-u,6324,32,13,5.0,0.598412971419197,1
Qrispy Joybox,Almace,qrispy joybox - 20. almace 〔techno〕,10,0,0,0.0,-24.68994001383,1
Mayumi Morinaga,ANAGRAMS I to Y,beatmania iidx19 lincle anagrams i to y(another),4876,8,5,5.0,-5.2000321345008,1
Mayumi Morinaga,ANAGRAMS I to Y,mayumi morinaga - 08. anagrams i to y 〔dance pop〕,9,0,0,0.0,-24.6939460112023,1
DJ Mass MAD Izm*,BLACK.by X-Cross Fade,dj mass mad izm* - black.by x-cross fade,1145,4,2,5.0,-20.1433113147575,1
DJ Mass MAD Izm*,BLACK.by X-Cross Fade,beatmania iidx19 lincle black.by x-cross fade(hyper),36598,52,40,4.5,121.696347098567,0
DJ Mass MAD Izm*,BLACK.by X-Cross Fade,[beatmaniaiidx 19th lincle] dj mass mad izm* - black.by x-cross fade (sph),135,0,0,0.0,-24.1891925205175,1
DJ Mass MAD Izm*,BLACK.by X-Cross Fade,beatmania iidx19 lincle black.by x-cross fade(another),4485,3,4,5.0,-6.7658719356175,1
DJ Mass MAD Izm*,BLACK.by X-Cross Fade,"black.by x-cross fade [normal, hyper and another]",234,1,1,5.0,-23.7926035727548,1
DJ Mass MAD Izm*,BLACK.by X-Cross Fade,iidx 18 resort anthem - 灼熱beach side bunny [h] a (easy clear) (replay),19850,12,28,2.5714285,54.73460668825,0
猫叉Master,CALL,beatmania iidx19 lincle call(another),12129,24,13,4.6923075,23.8384283217497,1
猫叉Master,CALL,the smile of you - 猫叉master feat.jessy (another),1453,4,2,5.0,-18.9095739802047,1
猫叉Master,CALL,nekomata master - call,194,0,1,5.0,-23.9528412050588,1
猫叉Master,CALL,dj naux: beatmania iidx 8th style / suggestion[a] blind aaa,1255,0,4,5.0,-19.7026878259575,1
猫叉Master,CALL,raindrops - the smile of you (with caption),1512,14,5,5.0,-18.6732441737152,1
Tatsh feat.小田ユウ,Change the World,tatsh feat.小田ユウ - change the world,222,0,0,0.0,-23.8406748159772,1
Tatsh feat.小田ユウ,Change the World,beatmania iidx19 lincle change the world(another),3019,4,5,5.0,-12.6371465161263,1
Tatsh feat.小田ユウ,Change the World,tatsh feat.小田ユウ - 11. change the world 〔speed pop〕,10,0,0,0.0,-24.68994001383,1
度胸兄弟,DIAVOLO,度胸兄弟- diavolo,6745,29,25,5.0,2.2841780380425,1
度胸兄弟,DIAVOLO,beatmania iidx19 lincle diavolo(another),82631,79,43,4.8139534,305.345489897134,0
度胸兄弟,DIAVOLO,beatmania iidx 19 lincle - diavolo another / played by dolce.,66751,121,108,4.9259257,242.058283243062,0
度胸兄弟,DIAVOLO,[dj max technika custom pattern] diavolo - 度胸兄弟,897,1,3,5.0,-21.1367292774247,1
度胸兄弟,DIAVOLO,"diavolo [normal, hyper and another]",402,1,0,0.0,-23.1196103498332,1
度胸兄弟,DIAVOLO,beatmania iidx 19 lincle diavolo(h),158,0,0,0.0,-24.0970554525212,1
度胸兄弟,DIAVOLO,diavolo?,531,1,4,1.0,-22.6028529952063,1
度胸兄弟,DIAVOLO,diavolo【bms】,7287,0,17,1.2352941,4.4543782189673,0
度胸兄弟,DIAVOLO,stairway to konami hq,220,0,1,5.0,-23.84868669372,1
YOJI,DON'T WAKE ME FROM THE DREAM,beatmania iidx19 lincle don't wake me from the dream(2010 summer edition) (another),3244,6,5,5.0,-11.7359914050288,1
YOJI,DON'T WAKE ME FROM THE DREAM,yoji - don't wake me from the dream (2010 summer edition) hd012,11431,66,42,5.0,21.0445146486537,1
kors k feat.古川未鈴,Drive Me Crazy,kors k feat.古川未鈴- drive me crazy,450,0,0,0.0,-22.92732800575,1
kors k feat.古川未鈴,Drive Me Crazy,beatmania iidx19 lincle drive me crazy(another),19159,29,25,4.84,51.9701885950377,0
kors k feat.古川未鈴,Drive Me Crazy,kors k feat.古川未鈴- 03. drive me crazy 〔akiba rave〕,10,0,0,0.0,-24.68994001383,1
kors k feat.古川未鈴,Drive Me Crazy,"drive me crazy [normal, hyper and another]",76,0,0,0.0,-24.4255447988208,1
MACHO ROBOT feat. nouvo nude,Electric Super Highway,beatmania iidx19 lincle electric super highway(another),7504,10,9,5.0,5.3232363247872,1
TЁЯRA,ËVOLUTIΦN,tЁЯra｢ЁvolutiΦn｣プロモーションムービー,23679,26,75,5.0,70.0505298758297,0
REDALiCE feat. Shihori,Express Emotion,redalice feat. shihori -express emotion,1491,10,2,5.0,-18.7573614521023,1
REDALiCE feat. Shihori,Express Emotion,redalice feat. shihori - express emotion (extended ver.),1690,8,13,5.0,-17.96025499863,1
REDALiCE feat. Shihori,Express Emotion,beatmania iidx19 lincle express emotion(another),28592,61,49,4.755102,89.6964914092288,0
REDALiCE feat. Shihori,Express Emotion,express emotion/redalice feat. shihori [sp another],23106,18,11,5.0,67.7587993952612,0
REDALiCE feat. Shihori,Express Emotion,[beatmaniaiidx 19th lincle] redalice feat.shihori - express emotion (spa),96,0,0,0.0,-24.3454252745728,1
REDALiCE feat. Shihori,Express Emotion,【6.6.6】【 lisse 】 express emotion -redalice- feat. shihori,115,0,2,1.0,-24.2693118290175,1
REDALiCE feat. Shihori,Express Emotion,redalice feat. shihori - 04. express emotion 〔j-core〕,20,0,0,0.0,-24.64988005532,1
D.J.Amuro,F,[beatmania iidx 19 lincle location test] dj amuro - f,30570,19,30,4.866667,97.60417520633,0
D.J.Amuro,F,djamuro - f,684,1,1,5.0,-21.9899607044848,1
D.J.Amuro,F,beatmania iidx19 lincle f(hyper),25660,42,31,4.870968,77.97289835652,0
D.J.Amuro,F,f - djamuro,5278,0,1,5.0,-3.5901846623772,1
D.J.Amuro,F,[beatmaniaiidx 19th lincle] dj amuro - f (sph),87,0,0,0.0,-24.3814790467927,1
D.J.Amuro,F,[iidx 19 lincle] f - djamuro [音源],15178,35,33,4.878788,36.0412075961028,0
D.J.Amuro,F,f / djamuro (+オマケ付),1984,3,6,5.0,-16.7826403842048,1
D.J.Amuro,F,【iidx 19 lincle】 f - djamuro (高音質),656,3,2,5.0,-22.1021235154688,1
D.J.Amuro,F,"f [normal, hyper and another]",212,0,0,0.0,-23.8807342157552,1
D.J.Amuro,F,f [beatmania iidx19 lincle],1351,7,8,4.5,-19.3181464252983,1
D.J.Amuro,F,beatmania iidx19 lincle f(another),3127,3,7,5.0,-12.2045903152407,1
D.J.Amuro,F,[jubeat analyser] f,331,0,1,5.0,-23.4040291522863,1
D.J.Amuro,F,djamuro - 01. f 〔renaissance〕,42,2,0,0.0,-24.5617482439612,1
D.J.Amuro,F,iidx f by dj. amuro another,251,0,0,0.0,-23.7245027130383,1
D.J.Amuro,F,【stepmania】f【アナコン譜面】,193,0,0,0.0,-23.9568471515367,1
D.J.Amuro,F,iidx bms - f !,3126,1,1,5.0,-12.2085954504508,1
D.J.Amuro,F,f(h)s-random,31,0,0,0.0,-24.6058141329063,1
D.J.Amuro,F,f[normal] player:dj haya-e,11,0,0,0.0,-24.6859340167343,1
D.J.Amuro,F,【jubeat analyser】 f 【創作譜面】,197,0,0,0.0,-23.9408233672847,1
猫叉Master,Far east nightbird,猫叉master - さよなら世界 「far east nightbird ＬＯＮＧ」,50806,284,174,5.0,178.441849175341,1
猫叉Master,Far east nightbird,[beatmaniaiidx 19th lincle]猫叉master - far east nightbird (spa),172,0,0,0.0,-24.0409720914672,1
猫叉Master,Far east nightbird,beatmania iidx19 lincle far east nightbird(another),15227,20,15,5.0,36.2372955505393,0
猫叉Master,Far east nightbird,osu! redo - nekomata master - far east nightbird [another],824,1,5,5.0,-21.4291499023808,1
猫叉Master,Far east nightbird,stepmania - far east nightbird ( m & h ) - 猫叉master,719,0,1,5.0,-21.8497574957063,1
猫叉Master,Far east nightbird,osu! - nekomata master - far east nightbird [hyper] +hidden +flashlight,42,0,0,0.0,-24.5617482439612,1
猫叉Master,Far east nightbird,jubeat copious - far east nightbird ext,562,0,0,0.0,-22.4786716812252,1
猫叉Master,Far east nightbird,【beatmaniaiidx19 lincle】 far east nightbird(h),1700,5,4,5.0,-17.920199687,1
猫叉Master,Far east nightbird,【iidx】 far east nightbird dp[a],173,0,0,0.0,-24.0369661391807,1
猫叉Master,Far east nightbird,beatmaniaiidx19 lincle - far east nightbird [h],89,0,0,0.0,-24.3734670954743,1
猫叉Master,Far east nightbird,bloomin' feeling -world electronica mix- remixed by 猫叉master,2212,8,8,5.0,-15.8694046941552,1
猫叉Master,Far east nightbird,猫叉master+ - backdrops 「chain of pain ＬＯＮＧ」,9762,66,19,5.0,14.3633924741348,1
猫叉Master,Far east nightbird,far east nightbird hidden s,51,0,0,0.0,-24.5256943597183,1
猫叉Master,Far east nightbird,猫叉master+ - backdrops 「infinite cave ＬＯＮＧ」,11883,70,20,5.0,22.8537692532113,1
猫叉Master,Far east nightbird,[ indonesian osu! players ] hidden mod replays,288,1,4,5.0,-23.5762834711552,1
猫叉Master,Far east nightbird,[bemuri rg mixset 008] jungle party 01 (music game dj mixset),300,0,2,5.0,-23.528212447,1
猫叉Master,Far east nightbird,bahram attack-猫叉master remix-(a)☆10,114,0,0,0.0,-24.2733177973468,1
Five Hammer,fffff,fffff / five hammer,967,4,5,5.0,-20.8563273228087,1
Five Hammer,fffff,"ƒƒƒƒƒ, beatmania iidx 15 dj troopers, i♥iidx",843,4,0,0.0,-21.3530402827567,1
Five Hammer,fffff,bmiidx15 - fffff [h] - one hand,75,0,0,0.0,-24.4295507779375,1
Five Hammer,fffff,pop'n music 16 - [hard pf] fffff,5461,6,7,3.857143,-2.8573584546543,1
Five Hammer,fffff,iidx csdjt military splash unknown area: fffff,1073,0,3,4.0,-20.4317212288007,1
Five Hammer,fffff,fffff challenge,3162,5,6,4.3333335,-12.0644107571452,1
Five Hammer,fffff,fffff[h](very poorness movie),828,0,2,5.0,-21.4131268162672,1
Five Hammer,fffff,【bms 03】fffff - [hyper 10],259,0,0,0.0,-23.6924552773023,1
Five Hammer,fffff,fffff - pop'n music 13 gameplay,376,0,1,5.0,-23.2237635523008,1
Five Hammer,fffff,saturn / mr.saturn,448,2,0,0.0,-22.9353397573632,1
Five Hammer,fffff,hardpf fffff piano performance,18150,57,54,4.851852,47.93334086825,1
Five Hammer,fffff,ピアノテック ex / stories / ax,3623,7,2,5.0,-10.2180773436407,1
HHH×MM×ST,Follow Tomorrow,hhh×mm×st -follow tomorrow,2238,7,10,5.0,-15.7652646954652,1
HHH×MM×ST,Follow Tomorrow,beatmania iidx19 lincle follow tomorrow(another),36175,80,42,4.8095236,120.006066384562,0
HHH×MM×ST,Follow Tomorrow,[6.6.6][lisse] follow tomorrow hhh×mm×st,406,0,3,3.6666667,-23.1035867968188,1
HHH×MM×ST,Follow Tomorrow,[djmax technika custom pattern] follow tomorrow - hhh×mm×st,128,0,1,1.0,-24.2172342659072,1
seiya-murai,GIGANT,beatmania iidx19 lincle gigant(another),2998,1,2,5.0,-12.7212550409532,1
seiya-murai,GIGANT,gigant - seiya-murai,662,2,0,0.0,-22.0780886091452,1
seiya-murai,GIGANT,seiya-murai - 33. gigant 〔marching rock〕,17,0,0,0.0,-24.6618980399687,1
Ryu☆,I'm so Happy,beatmania iidx19 lincle i'm so happy(another),8788,16,12,4.6666665,10.4640472370448,1
Ryu☆,I'm so Happy,{simfile itg} i'm so happy - ryu☆ [from iidx 19th lincle],197,0,2,5.0,-23.9408233672847,1
Ryu☆,I'm so Happy,【iidx】 i'm so happy sp[a],10221,5,8,5.0,16.2008779592897,0
Ryu☆,I'm so Happy,[bms] i'm so happy (by kkore.),5171,5,3,5.0,-4.0186720370303,1
Ryu☆,I'm so Happy,i'm so happy / ryu☆ feat. lucky vacuum,14445,14,23,4.652174,33.1078125951425,0
Ryu☆,I'm so Happy,i'm so happy(a),281,1,1,5.0,-23.6043249203063,1
Ryu☆,I'm so Happy,ryu☆ - i'm so happy (extended rrver.),1007,5,4,4.0,-20.6960982429767,1
Ryu☆,I'm so Happy,[beatmaniaiidx 19th lincle]ryu☆ - i'm so happy (spa),183,0,0,0.0,-23.9969066315287,1
Ryu☆,I'm so Happy,【iidx】 i'm so happy dp[a],492,1,1,5.0,-22.7590814774512,1
Ryu☆,I'm so Happy,[dj max technika custom pattern] i'm so happy - ryu☆,357,0,9,5.0,-23.2998756261967,1
Ryu☆,I'm so Happy,karateka mania - i'm so happy ~ ryu,159,1,2,5.0,-24.0930494963623,1
Ryu☆,I'm so Happy,i'm so happy / ryu*,19227,26,17,4.7647057,52.2422355977393,0
Ryu☆,I'm so Happy,i'm so happy s17,19,0,0,0.0,-24.6538860499263,1
Ryu☆,I'm so Happy,【beatmaniaiidx19 lincle】 i'm so happy(h),4216,5,4,5.0,-7.8431622349248,1
Ryu☆,I'm so Happy,[mad]i'm so タンクローリー [i'm so happy x za warudo],179,1,0,0.0,-24.0129304312703,1
Ryu☆,I'm so Happy,【12月7日発売】rainbow☆rainbow / ryu☆,10307,34,53,5.0,16.5451498033633,1
Ryu☆,I'm so Happy,[bemuri rg mixset 002] core party 01 (music game hardcore mix),317,2,3,5.0,-23.4601118976287,1
Ryu☆,I'm so Happy,【太鼓さん次郎】 i'm so happy,764,1,2,5.0,-21.6694967251568,1
Ryu☆,I'm so Happy,"i'm so happy, dancedancerevolution ii, i♥ddr",136,0,0,0.0,-24.1851865579968,1
Ryu☆,I'm so Happy,second heaven (risk junk remix) / ryu☆,8002,6,13,4.6923075,7.3171563738468,0
Bulluvegola,In the Blackest Den,bulluvegola - in the blackest den,1067,0,6,5.0,-20.4557554530287,1
Bulluvegola,In the Blackest Den,beatmania iidx19 lincle in the blackest den[bulluvegola] (another),12738,9,5,5.0,26.2759879061348,0
Bulluvegola,In the Blackest Den,bulluvegola,5597,23,9,4.111111,-2.3127504423647,1
Bulluvegola,In the Blackest Den,"in the blackest den [normal, hyper and another]",205,0,1,1.0,-23.9087758120575,1
Bulluvegola,In the Blackest Den,【beatmaniaiidx lincle】「bulluvegola」（another）,9585,4,4,5.0,13.6548040712825,0
Bulluvegola,In the Blackest Den,bulluvegola(dp anotehr)hard clear,146,0,0,0.0,-24.1451269480028,1
Bulluvegola,In the Blackest Den,beatmaniaiidx19 lincle sp002,1993,4,3,5.0,-16.7465913343767,1
猫叉Master+,Infinite cave,猫叉master+ - backdrops 「infinite cave ＬＯＮＧ」,11883,70,20,5.0,22.8537692532113,1
猫叉Master+,Infinite cave,猫叉master+ - backdrops 「chain of pain ＬＯＮＧ」,9762,66,19,5.0,14.3633924741348,1
猫叉Master+,Infinite cave,infinite cave another 195k,365,0,4,4.0,-23.2678284250175,1
kobo feat. RIO,Into The Sunlight,beatmania iidx19 lincle into the sunlight(another),2498,4,3,5.0,-14.7238749925532,1
kobo feat. RIO,Into The Sunlight,into the sunlight 【kobo feat.rio】_hyper.mp4,164,0,0,0.0,-24.0730197197168,1
kobo feat. RIO,Into The Sunlight,kobo feat. rio - 21. into the sunlight 〔drum & bass〕,11,0,0,0.0,-24.6859340167343,1
Dr.Honda feat. Moe,KYAMISAMA ONEGAI!,beatmania iidx19 lincle kyamisama onegai!(another),9580,15,11,5.0,13.63478732388,1
Dr.Honda feat. Moe,KYAMISAMA ONEGAI!,dr.honda feat. moe - ＫＹＡＭＩＳＡＭＡ ＯＮＥＧＡＩ！,296,0,0,0.0,-23.5442361172928,1
Dr.Honda feat. Moe,KYAMISAMA ONEGAI!,dr.honda feat. moe - 09. kyamisama onegai! 〔トレンディーポップス〕,9,0,0,0.0,-24.6939460112023,1
Katana Sounds,LAX5 feat.Ryota Yoshinari,beatmania iidx19 lincle lax5 feat.ryota yoshinari(another),9935,11,11,4.6363635,15.0559592056825,0
TЁЯRA,LETHEBOLG,beatmania iidx19 lincle lethebolg～双神威に斬り咲けり～(another),592,0,1,5.0,-22.3584964691712,1
TЁЯRA,LETHEBOLG,tЁЯra - lethebolg～双神威に斬り咲けり～,14464,39,26,5.0,33.1838506309632,1
TЁЯRA,LETHEBOLG,beatmania iidx 19 lincle lethebolg～双神威に斬り咲けり～ spn normal,272,0,0,0.0,-23.6403782319872,1
TЁЯRA,LETHEBOLG,lethebolg ～双神威に斬り咲けり～ /tЁЯra｢ЁvolutiΦn｣,2631,0,3,5.0,-14.1911713348663,1
TЁЯRA,LETHEBOLG,lethebolg ～双神威に斬り咲けり～ sph 正規譜面,684,0,0,0.0,-21.9899607044848,1
TЁЯRA,LETHEBOLG,lethebolg ～双神威に斬り咲けり～ dph 正規,85,0,0,0.0,-24.3894909992175,1
TЁЯRA,LETHEBOLG,lethebolg ～双神威に斬り咲けり～ dpn 正規,41,0,0,0.0,-24.5657542324823,1
TЁЯRA,LETHEBOLG,destiny evolved,808,3,5,5.0,-21.4932422910912,1
TЁЯRA,LETHEBOLG,wh1te ro5e,1152,9,10,5.0,-20.1152715384832,1
kmp,Liquid Crystal Girl feat. echo,beatmania iidx19 lincle liquid crystal girl feat. echo(another),2267,5,6,5.0,-15.6491087636687,1
kmp,Liquid Crystal Girl feat. echo,kmp - 10. liquid crystal girl feat.echo 〔electro〕,13,0,0,0.0,-24.6779220233727,1
SWAN K feat. Asuka M,LOVE B.B.B,beatmania iidx19 lincle love bbb(another),5780,18,14,5.0,-1.57994038172,1
SWAN K feat. Asuka M,LOVE B.B.B,swan k feat. asuka m - 23. love bbb 〔drum'n'bass〕,9,0,0,0.0,-24.6939460112023,1
Sota Fujimori feat. Kanako Hoshino,Lucky Days,beatmania iidx19 lincle lucky days(another),7684,7,8,5.0,6.0439382347152,1
Sota Fujimori feat. Kanako Hoshino,Lucky Days,sota fujimori feat. kanako hoshino - 16. lucky days 〔dream trance〕,9,0,0,0.0,-24.6939460112023,1
Remixed by DJ Command,Mermaid girl,【6.6.6】【 lisse 】 mermaid girl -秋葉工房mix- remixed by dj command,215,0,3,2.3333333,-23.8687163929175,1
Remixed by DJ Command,Mermaid girl,remixed by dj command - mermaid girl-秋葉工房mix-,742,13,5,5.0,-21.7576241430012,1
Remixed by DJ Command,Mermaid girl,beatmania iidx19 lincle mermaid girl -秋葉工房mix-(another),22165,39,24,4.8333335,63.9950449767825,0
Remixed by DJ Command,Mermaid girl,[osu!] remixed by dj command - mermaid girl -akiba koubou mix- [another],24,0,0,0.0,-24.6338560796608,1
Remixed by DJ Command,Mermaid girl,remixed by dj command - 18. mermaid girl -秋葉工房mix- 〔euro beat〕,10,0,0,0.0,-24.68994001383,1
Dirty Androids,Miami Sunset Drive,beatmania iidx19 lincle miami sunset drive(another),11238,28,23,5.0,20.2719617273348,1
Dirty Androids,Miami Sunset Drive,[recreation] dirty androids - miami sunset drive,1465,6,4,5.0,-18.8615068229175,1
Levaslater,NNRT,levaslater - nnrt,2318,10,7,5.0,-15.4448351030492,1
Levaslater,NNRT,"nnrt [normal, hyper and another]",394,0,0,0.0,-23.1516574691388,1
Levaslater,NNRT,levaslater,11177,25,18,4.7777777,20.0277848269993,1
Levaslater,NNRT,nnrt - another infinity,4078,6,6,3.6666667,-8.3958319406172,1
Levaslater,NNRT,beatmaniaiidx19lincle nnrt(levaslater)(a),190,0,0,0.0,-23.96886499263,1
Levaslater,NNRT,太鼓さん次郎 nnrt 創作譜面,123,0,1,5.0,-24.2372640923407,1
Levaslater,NNRT,levaslater(dp anoter)hard clear,140,0,0,0.0,-24.16916271068,1
高田雅史,PentaCube Gt.,pentacube gt.(rx-ver.spl) - 高田雅史,4205,22,12,4.9166665,-7.8872154240575,1
高田雅史,PentaCube Gt.,高田雅史- pentacube gt.(rx-ver.spl),4713,36,16,5.0,-5.8527939706327,1
高田雅史,PentaCube Gt.,pentacube gt. (ax-ver.spl) / 高田雅史,425,0,2,5.0,-23.0274749804375,1
高田雅史,PentaCube Gt.,beatmania iidx gold - pentacube gt. (rx-ver.spl) hyper,870,1,3,5.0,-21.24488467927,1
高田雅史,PentaCube Gt.,高田雅史- pentacube gt (rx-ver.spl),217,1,2,5.0,-23.8607045124087,1
高田雅史,PentaCube Gt.,"pentacube gt. (rx-ver.spl), beatmania iidx 14 gold, i♥iidx",54,1,1,5.0,-24.5136764032828,1
高田雅史,PentaCube Gt.,watercube pf.(rx-ver.spl) / 高田雅史,1435,9,4,5.0,-18.9816747908175,1
高田雅史,PentaCube Gt.,beatmaniaiidx sequence cat (a) - autoplay 【cs gold】,3370,3,17,2.4705882,-11.23135065927,1
高田雅史,PentaCube Gt.,icecube pf.(rx-ver.spl) / 高田雅史,587,0,1,5.0,-22.3785256538927,1
高田雅史,PentaCube Gt.,killer7 1ststaffroll [hidden track],2600,9,7,5.0,-14.315334908,1
高田雅史,PentaCube Gt.,iidx empress cs - toycube pf (rx ver.spl) (a) autoplay,4529,16,15,4.733333,-6.5896627876103,1
高田雅史,PentaCube Gt.,watercube pf.(rx-ver.spl) (a) 正規20080722版,1094,0,2,4.0,-20.3476015224188,1
高田雅史,PentaCube Gt.,shoot'em all / manabu namiki,789,4,1,5.0,-21.5693520946543,1
Hommarju,Phoenix,beatmania iidx19 lincle phoenix(another),4134,3,8,5.0,-8.1715595409148,1
Hommarju,Phoenix,hommarju - 32. phoenix 〔hard nrg〕,12,0,0,0.0,-24.6819280199152,1
w×s ft.*spiLa*,prompt,w×s ft.*spila* - prompt,837,2,2,5.0,-21.3770748886927,1
w×s ft.*spiLa*,prompt,beatmania iidx19 lincle prompt(another),6562,10,7,5.0,1.5514168235748,1
L.E.D.,QUANTUM TELEPORTATION,beatmania iidx distorted - quantum teleportation ( another ) hard gauge,2302,1,0,0.0,-15.5089208799132,1
L.E.D.,QUANTUM TELEPORTATION,stepmania自作譜面「quantum teleportation」,21,0,0,0.0,-24.6458740609903,1
L.E.D.,QUANTUM TELEPORTATION,beatmania iidx distorted quantem teleportation 11* [a],599,0,0,0.0,-22.3304556221783,1
L.E.D.,QUANTUM TELEPORTATION,quantum squad,191,0,1,5.0,-23.9648590453223,1
Mystic Moon,Quick Silver,beatmania iidx19 lincle quick silver(another),15142,13,10,5.0,35.8971425533188,0
Mystic Moon,Quick Silver,mystic moon - quick silver,1131,5,4,5.0,-20.1993909079663,1
Mystic Moon,Quick Silver,"quick silver [normal, hyper and another]",116,0,0,0.0,-24.2653058609648,1
Mystic Moon,Quick Silver,[beatmaniaiidx 19th lincle] mystic moon - quick silver (spa),67,0,0,0.0,-24.4615986208287,1
Mystic Moon,Quick Silver,mystic moon - 26. quick silver 〔rave fusion〕,10,0,0,0.0,-24.68994001383,1
kors k,Release The Music,sigsig - kors k [full song] [bemani ubeat beatmania stepmania],71558,377,260,4.953846,261.223176299559,1
kors k,Release The Music,kors k - release the music,590,1,1,5.0,-22.36650814223,1
kors k,Release The Music,kors k - release the music,652,1,2,5.0,-22.1181467918832,1
kors k,Release The Music,beatmania iidx19 lincle release the music(another),3895,13,6,5.0,-9.1287281527575,1
kors k,Release The Music,smooooch・∀・ - kors k (beatmania iidx) - mario paint composer,5047,47,70,5.0,-4.5152408065047,1
kors k,Release The Music,beatmania iidx happy sky - sigsig hyper,63221,90,56,4.767857,227.98055544349,0
kors k,Release The Music,y&co. speedy cat (kors k vs. stripe remix),2831,16,11,4.6363635,-13.3901224137863,1
kors k,Release The Music,kors k vs. led - solid state squad,18718,136,86,4.9069767,50.2058527246308,1
kors k,Release The Music,[bmiidx] evergreen - kors k,8977,52,18,5.0,11.2207168830393,1
kors k,Release The Music,kors k - kailua,5213,18,15,5.0,-3.8504803535327,1
kors k,Release The Music,kors k - kailua (stripe mix),780,5,9,4.5555553,-21.60540414172,1
kors k,Release The Music,smooooch - kors k [beatmania iidx] (sight read),2317,10,10,4.6,-15.4488404620287,1
kors k,Release The Music,kors k - programmed world,6867,37,32,5.0,2.7726803682113,1
kors k,Release The Music,kors k - sigsig,444,4,6,4.3333335,-22.9513632639088,1
kors k,Release The Music,-jcore- tripping contact (kors k vs teranoid original mix),3813,31,22,5.0,-9.4571327394127,1
kors k,Release The Music,kors k as teranoid - bad maniacs 「ＬＯＮＧ」,3142,13,14,5.0,-12.1445133202812,1
kors k,Release The Music,flash back 90's - kors k as disconation,68176,198,82,4.890244,247.740242167219,0
kors k,Release The Music,[random mashup] kors k - wuvwuv・∀・,38990,235,201,5.0,131.25369356017,1
kors k,Release The Music,kors k vs. dj taka - decade,5131,14,13,4.6923075,-4.1788550463663,1
kors k,Release The Music,custom beatmania iidx video- the shining polaris kors k mix,2311,9,5,4.8,-15.4728726217143,1
セリカ,RESISTANCE,beatmania iidx19 lincle resistance(another),532,0,0,0.0,-22.5988471422192,1
セリカ,RESISTANCE,resistance dph 正規,156,0,0,0.0,-24.1050673656688,1
Masayoshi Minoshima feat. 綾倉盟,Round and Round,masayoshi minoshima feat. 綾倉盟-round and round,2965,33,14,5.0,-12.8534258264175,1
Masayoshi Minoshima feat. 綾倉盟,Round and Round,[mashup] round apple!! - masayoshi minoshima feat. 綾倉盟,558,15,13,5.0,-22.4946950616412,1
Masayoshi Minoshima feat. 綾倉盟,Round and Round,[beatmaniaiidx 19th lincle] masayoshi minoshima feat. 綾倉盟- round and round (spa),76,0,1,5.0,-24.4255447988208,1
Masayoshi Minoshima feat. 綾倉盟,Round and Round,beatmania iidx19 lincle round and round(another),15532,32,17,4.7647057,37.4578280897808,0
Masayoshi Minoshima feat. 綾倉盟,Round and Round,masayoshi minoshima feat. 綾倉盟- 05. round and round 〔hyper electro〕,22,0,1,5.0,-24.6418680669372,1
Masayoshi Minoshima feat. 綾倉盟,Round and Round,"round and round [normal, hyper and another] rev.1",72,0,1,1.0,-24.4415687169472,1
SUPER STAR 満-MITSURU-,SA.YO.NA.RA. SUPER STAR,super star -満- mitsuru - sa.yo.na.ra. super star [720p],8818,56,35,4.7714286,10.5841541897508,1
SUPER STAR 満-MITSURU-,SA.YO.NA.RA. SUPER STAR,super star 満-mitsuru- - sa.yo.na.ra. super star,425,0,0,0.0,-23.0274749804375,1
SUPER STAR 満-MITSURU-,SA.YO.NA.RA. SUPER STAR,beatmania iidx19 lincle sa.yo.na.ra. super star(another),29461,68,52,4.769231,93.1707284429457,0
SUPER STAR 満-MITSURU-,SA.YO.NA.RA. SUPER STAR,sa.yo.na.ra. super star(a)ex-hard,90,0,0,0.0,-24.36946112023,1
SUPER STAR 満-MITSURU-,SA.YO.NA.RA. SUPER STAR,super star 満-mitsuru- - 34. sa.yo.na.ra. super star 〔only one finale〕,19,0,0,0.0,-24.6538860499263,1
Ashemu,Scharfrichter,ashemu - scharfrichter,1231,9,5,5.0,-19.7988235744263,1
Ashemu,Scharfrichter,beatmania iidx19 lincle scharfrichter[ashemu] (another),33097,32,22,4.6363635,107.705086602135,0
Ashemu,Scharfrichter,【beatmania iidx 19 lincle】 ashemu[色欲] (dph) fullcombo 【+hand shot】,1750,4,7,4.428571,-17.71992354375,1
Ashemu,Scharfrichter,ashemu,4574,24,8,5.0,-6.4094494401308,1
Ashemu,Scharfrichter,"scharfrichter [normal, hyper and another]",219,0,1,1.0,-23.8526926330063,1
Ashemu,Scharfrichter,ashemu（色欲）spa正規,1635,1,0,0.0,-18.1805597070175,1
Ashemu,Scharfrichter,【beatmaniaiidx lincle】「ashemu」（another）,9894,4,5,4.2,14.8918256420612,0
Ashemu,Scharfrichter,ashemu(dp anoter)hard clear,154,0,0,0.0,-24.1130792799228,1
PRASTIK DANCEFLOOR,Session 12,beatmania iidx19 lincle session 12 -esther-(hyper),14177,21,11,4.2727275,32.0352654523993,0
PRASTIK DANCEFLOOR,Session 12,session 9 -chronicles- _ prastik dancefloor,10805,36,14,5.0,18.5386837481425,1
PRASTIK DANCEFLOOR,Session 12,beatmania iidx19 lincle session 12 -esther-(another),2121,1,1,5.0,-16.2338961620503,1
PRASTIK DANCEFLOOR,Session 12,【ピアノ楽譜】 beatmania iidx 17 sirius - session 1 -genesis-,30635,122,78,4.8717947,97.8640150039825,1
PRASTIK DANCEFLOOR,Session 12,prastik dancefloor - 24. session 12 -esther- 〔progre synthetic〕,11,0,0,0.0,-24.6859340167343,1
PRASTIK DANCEFLOOR,Session 12,ピアノde【session 1 -genesis-】 ~ beatmaniaⅡdx ~,2354,13,49,5.0,-15.3006423640028,1
PRASTIK DANCEFLOOR,Session 12,beatmania iidx 17 sirius - session 1 -genesis-,2895,2,2,3.0,-13.1337890957575,1
PRASTIK DANCEFLOOR,Session 12,zektbach - 20. zeta ～素数の世界と超越者～,665,1,2,3.0,-22.0660711597175,1
CAPACITY GATE,Several Words,[beatmania iidx 19 lincle location test] capacity gate - several words,10426,5,10,4.6,17.0215225858692,0
CAPACITY GATE,Several Words,beatmania iidx19 lincle several words(another),6212,8,8,5.0,0.149935149044801,1
CAPACITY GATE,Several Words,capacity gate - 27. several words 〔valiant beat〕,15,1,0,0.0,-24.6699100311175,1
DJ MURASAME vs dj Killer,SHADE,dj murasame vs. dj killer - shade,1591,7,6,5.0,-18.3568040761623,1
DJ MURASAME vs dj Killer,SHADE,[beatmaniaiidx 19th lincle] dj murasame vs dj killer - shade (sph),91,0,0,0.0,-24.3654551452623,1
DJ MURASAME vs dj Killer,SHADE,[lynn] osu!- beatmania iidx (dj murasame vs dj killer) -shade [another],25,0,1,5.0,-24.6298500864375,1
DJ MURASAME vs dj Killer,SHADE,shade/dj murasame vs dj killer [sp another],1010,1,0,0.0,-20.68408107983,1
DJ MURASAME vs dj Killer,SHADE,beatmania iidx19 lincle shade(another),22839,26,19,4.5789475,66.6908939649257,0
DJ MURASAME vs dj Killer,SHADE,"shade [normal, hyper, another and おまけ]",190,0,1,1.0,-23.96886499263,1
DJ MURASAME vs dj Killer,SHADE,beatmaniaiidx 19 lincle extra stage shade(another),1387,0,0,0.0,-19.1739440572527,1
DJ Yoshitaka VS. DJ Mass MAD Izm*,Snake Stick,dj yoshitaka vs. dj mass mad izm* - snake stick,1813,9,11,5.0,-17.4675765878127,1
DJ Yoshitaka VS. DJ Mass MAD Izm*,Snake Stick,beatmania iidx19 lincle snake stick(another),23192,18,27,5.0,68.1027647361088,0
DJ Yoshitaka VS. DJ Mass MAD Izm*,Snake Stick,snake stick/ dj yoshitaka vs dj mass mad izm*[弐寺] 音源hd画質,105,1,0,0.0,-24.3093715247575,1
DJ Yoshitaka VS. DJ Mass MAD Izm*,Snake Stick,snake stick(h)hard clear,185,0,0,0.0,-23.9888947333175,1
Mutsuhiko Izumi,Snow Goose,beatmania iidx19 lincle snow goose(another),13839,12,9,5.0,30.6825470715257,0
Mutsuhiko Izumi,Snow Goose,【iidx】 snow goose sp[a],1707,0,1,5.0,-17.8921609853167,1
Mutsuhiko Izumi,Snow Goose,[beatmaniaiidx 19th lincle] mutsuhiko izumi - snow goose (spa),68,0,0,0.0,-24.4575926394992,1
Mutsuhiko Izumi,Snow Goose,【iidx】 snow goose dp[a],105,0,0,0.0,-24.3093715247575,1
Mutsuhiko Izumi,Snow Goose,kaze plays jubeat,8103,22,13,4.6923075,7.72153741437529,1
Mutsuhiko Izumi,Snow Goose,snow goose[hyper] player:dj haya-e,16,0,0,0.0,-24.6659040354048,1
Mutsuhiko Izumi,Snow Goose,snow goose[hyper] player:dj haya-e,4,0,0,0.0,-24.7139760022128,1
Mutsuhiko Izumi,Snow Goose,[mad]【合作】touhoumania - トウホウマニア - （東方×ビートマニアパロディ）,259,1,2,5.0,-23.6924552773023,1
Nhato,Star Trail,beatmania iidx 19 lincle - star trail (a),7718,11,14,4.428571,6.1800698114308,1
Nhato,Star Trail,beatmania iidx19 lincle star trail(another),6032,10,11,5.0,-0.5708400488192,1
Nhato,Star Trail,nhato - star trail,75,0,1,5.0,-24.4295507779375,1
Nhato,Star Trail,star trail 【nhato】_hyper,656,2,2,5.0,-22.1021235154688,1
Nhato,Star Trail,stepmania - star trail (preview),330,1,7,5.0,-23.40803506087,1
Nhato,Star Trail,beatmaniaiidx19 lincle - star trail [h],122,0,0,0.0,-24.2412700584572,1
Nhato,Star Trail,[bemuri rg mixset 007] trance party 03 (music game dj mixset),797,6,6,5.0,-21.5373058494047,1
Nhato,Star Trail,yo-star trail 【star trail】,59,0,0,0.0,-24.4936464814223,1
Nhato,Star Trail,kudan-sitar train【star trail】,43,0,0,0.0,-24.5577422557167,1
STN,The Limbo,stn - the limbo,1843,5,5,5.0,-17.3474117565567,1
STN,The Limbo,stn,9577,23,3,5.0,13.6227772721193,1
STN,The Limbo,the limbo - tatsh,4831,5,8,4.5,-5.3802417229863,1
STN,The Limbo,"the limbo [normal, hyper and another]",78,0,0,0.0,-24.4175328414172,1
STN,The Limbo,[bemani mashup] stn x jisei template,61,0,0,0.0,-24.4856345146143,1
STN,The Limbo,stn(dp anoter),183,0,0,0.0,-23.9969066315287,1
STN,The Limbo,beatmaniaiidx19lincle the limbo(stn)(a),139,0,0,0.0,-24.1731686720943,1
Mamonis,The Sampling Paradise,beatmania iidx19 lincle the sampling paradise[mamonis] (another),34440,50,35,4.885714,113.07260048912,0
Mamonis,The Sampling Paradise,mamonis - the sampling paradise,2925,19,12,5.0,-13.0136332429375,1
Mamonis,The Sampling Paradise,the sampling paradise/mamonis [sp another],24707,6,8,3.5,74.1618187220833,0
Mamonis,The Sampling Paradise,the sampling paradise (original extended ver.) / mamonis(kors k),313,2,2,5.0,-23.4761355491127,1
Mamonis,The Sampling Paradise,mamonis,17990,59,15,5.0,47.29318057417,1
Mamonis,The Sampling Paradise,stepmania the sampling paradise/mamonis,82,0,2,3.0,-24.4015089299292,1
Mamonis,The Sampling Paradise,[mashup] the greed song (the diving money paradise),332,3,3,5.0,-23.4000232439792,1
Mamonis,The Sampling Paradise,iidx19- koisuru uchuu sensou!! [h] ~ mamonis [n],268,0,1,5.0,-23.6564019332592,1
Mamonis,The Sampling Paradise,the sampling paradise [a] hard clear,32,0,2,3.0,-24.6018081416192,1
Mamonis,The Sampling Paradise,【6.6.6】【 lisse 】 the sampling paradise : coverage note edit,337,0,1,5.0,-23.3799937065927,1
Mamonis,The Sampling Paradise,"the sampling paradise [normal, hyper and another](引越)",782,1,6,2.3333333,-21.5973925737692,1
Mamonis,The Sampling Paradise,[jubeat analyser] the sampling paradise,1321,1,2,5.0,-19.4383153391703,1
Mamonis,The Sampling Paradise,beatmania iidx 19 lincle mamonis(a),1654,0,0,0.0,-18.1044543495228,1
Mamonis,The Sampling Paradise,lunatic rave bms the sampling paradise -hyper-,155,0,0,0.0,-24.1090733226575,1
Mamonis,The Sampling Paradise,beatmania iidx19 lincle follow tomorrow(another),36175,80,42,4.8095236,120.006066384562,0
Mamonis,The Sampling Paradise,iidx19 lincle 「mamonis」 (a),6697,16,8,5.0,2.0919792714153,1
Mamonis,The Sampling Paradise,【チャージマン研！】 the charging paradise 【音ゲーmad】,162,1,1,5.0,-24.0810316295452,1
Mamonis,The Sampling Paradise,the sampling paradise（sp another）,77,0,0,0.0,-24.4215388199807,1
Mamonis,The Sampling Paradise,太鼓さん次郎 the sampling paradise 創作譜面,69,0,2,5.0,-24.4535866584463,1
Mamonis,The Sampling Paradise,[beatmaniaiidx]the sampling paradise (強欲) dph[lincle],163,0,0,0.0,-24.0770256744927,1
雷龍,Thunderbolt,[beatmania iidx 19 lincle location test] 雷龍- thunderbolt,24428,10,11,3.909091,73.0460406304528,0
雷龍,Thunderbolt,雷龍- thunderbolt (extended ver.),17497,74,39,4.8974357,45.3206421452553,1
雷龍,Thunderbolt,stepmania 「thunderbolt 雷龍」,4040,6,2,5.0,-8.54801727728,1
雷龍,Thunderbolt,thunderbolt / 雷龍,4515,12,1,5.0,-6.6457292766175,1
雷龍,Thunderbolt,beat hazard ultra : thunderbolt - 雷龍,189,0,0,0.0,-23.9728709402143,1
雷龍,Thunderbolt,雷龍- 29. thunderbolt 〔ravers dance speed〕,15,0,0,0.0,-24.6699100311175,1
雷龍,Thunderbolt,thunderbolt hard 【reflec beat】 【lincle link】,8035,5,9,4.5555553,7.4492811825825,0
雷龍,Thunderbolt,[iidx] thunderbolt(a) (gulujam),1842,0,3,3.6666667,-17.3514172469212,1
雷龍,Thunderbolt,beatmania iidx resort anthem thunderbolt(a),54599,35,40,4.7,193.581314674222,0
雷龍,Thunderbolt,thunderbolt (sp another) hard clear,511,0,0,0.0,-22.6829701130343,1
雷龍,Thunderbolt,thunderbolt (dp another) hard clear,495,0,0,0.0,-22.7470638869575,1
雷龍,Thunderbolt,thunderbolt (nori-nori style),1911,4,2,5.0,-17.0750390606743,1
雷龍,Thunderbolt,太鼓さん次郎 - thunderbolt,36,0,0,0.0,-24.5857841792368,1
雷龍,Thunderbolt,【太鼓さん次郎】thunderbolt【創作譜面】,380,0,0,0.0,-23.20773997052,1
雷龍,Thunderbolt,[technika viur] thunderbolt - 雷龍,509,0,0,0.0,-22.6909818309023,1
雷龍,Thunderbolt,【stepmania】 elisha/dj yoshitaka,2563,1,2,5.0,-14.4635304884127,1
雷龍,Thunderbolt,[iidx 19 lincle] f - djamuro [音源],15178,35,33,4.878788,36.0412075961028,0
雷龍,Thunderbolt,new generation (long ver.),123,1,0,0.0,-24.2372640923407,1
雷龍,Thunderbolt,almagest (long mix),3978,8,12,4.6666665,-8.7963205261372,1
Rche,Todestrieb,osu! beatmania iidx (rche) - todestrieb [another],200,0,0,0.0,-23.928805532,1
Rche,Todestrieb,rche - todestrieb,3246,12,11,5.0,-11.7279812001628,1
Rche,Todestrieb,ピアノ楽譜で todestrieb / rche (beatmania iidx 19 lincle) piano version,5931,16,30,5.0,-0.975278946046302,1
Rche,Todestrieb,輪ゴムで todestrieb / rche (beatmania iidx 19 lincle),1742,10,32,5.0,-17.7519676802012,1
Rche,Todestrieb,rche,18114,68,34,5.0,47.7893054194532,1
Rche,Todestrieb,osu! - rche - todestrieb [another] - s,136,0,1,5.0,-24.1851865579968,1
Rche,Todestrieb,todestrieb (rche) sph (lunaticrave2),70,0,0,0.0,-24.44958067767,1
Rche,Todestrieb,[osu!] rche - todestrieb [beatmania iidx],45,0,0,0.0,-24.5497302800575,1
Rche,Todestrieb,todestrieb - tomosuke,3833,5,4,5.0,-9.3770338882487,1
Rche,Todestrieb,[ atelier nugra ] rche - todestrieb [hyper],122,0,1,5.0,-24.2412700584572,1
Rche,Todestrieb,todestrieb (original extended ver.) / rche(tomosuke),256,0,0,0.0,-23.7044730636288,1
Rche,Todestrieb,[lynn] osu! - beatmania iidx (rche) - todestrieb [hyper] acc:100%,108,0,0,0.0,-24.2973536131312,1
Rche,Todestrieb,"todestrieb [normal, hyper and another]",669,0,3,2.3333333,-22.0500478976863,1
Rche,Todestrieb,【stepmania】todestrieb / rche,368,2,1,1.0,-23.2558107291392,1
Rche,Todestrieb,ピアノde【todestrieb（rche）】~beatmaniaⅡdx~,3112,17,53,5.0,-12.2646673724352,1
Rche,Todestrieb,rche-todestrieb【remix】,102,1,3,5.0,-24.3213894388732,1
Rche,Todestrieb,todestrieb,73,0,1,5.0,-24.4375627370007,1
Rche,Todestrieb,iidx todestrieb - rche another,407,0,0,0.0,-23.0995809092567,1
Rche,Todestrieb,【太鼓さん次郎】rche【todestrieb】,128,0,0,0.0,-24.2172342659072,1
Tatsh feat. ヨーコ,Trust -MATERIAL ver-,tatsh feat. ヨーコ-trust -material ver-,211,0,0,0.0,-23.8847401572543,1
Tatsh feat. ヨーコ,Trust -MATERIAL ver-,beatmania iidx19 lincle trust -material ver- (iidx edition) (another),4246,6,7,4.428571,-7.7230173437628,1
Tatsh feat. ヨーコ,Trust -MATERIAL ver-,"trust -material ver- (iidx edition) [normal, hyper and another]",56,0,0,0.0,-24.5056644337088,1
Tatsh feat. ヨーコ,Trust -MATERIAL ver-,tatsh feat. ヨーコ - 12. trust -material ver- (iidx edition) 〔character song〕,14,0,0,0.0,-24.6739160271068,1
Tatsh feat. ヨーコ,Trust -MATERIAL ver-,ddr supernova 2 (jp) - trust expert,11708,57,26,4.8076925,22.1532902143888,1
Remo-con,Voxane,remo-con - voxane,620,1,2,5.0,-22.24633316252,1
Remo-con,Voxane,y&co. is dead or alive(2012),553,2,2,5.0,-22.5147242933847,1
L.E.D.,WONDER WALKER,beatmania iidx19 lincle wonder walker(another),7358,3,8,4.0,4.7386604153188,0
L.E.D.,WONDER WALKER,"wonder walker [normal, hyper and another]",205,1,0,0.0,-23.9087758120575,1
L.E.D.,WONDER WALKER,太鼓さん次郎 wonder walker 創作譜面,1194,0,7,4.428571,-19.9470331654588,1
L.E.D.,WONDER WALKER,【jubeat copious】wonder walker 音源【高音質】,2430,6,3,5.0,-14.99623664767,1
L.E.D.,WONDER WALKER,太鼓さん次郎 wonder walker,1253,1,3,5.0,-19.7106991322447,1
L.E.D.,WONDER WALKER,led - 31. wonder walker 〔hard trance〕,15,0,0,0.0,-24.6699100311175,1
L.E.D.,WONDER WALKER,【jubeat copious】 wonder walker [bsc] (フラワー+ハンドクラップ),2303,6,5,5.0,-15.5049155167847,1
L.E.D.,WONDER WALKER,yubiosi wonder walker,664,0,0,0.0,-22.0700769759168,1
L.E.D.,WONDER WALKER,[jubeat copious]wonder walker(bsc) 譜面確認用(花),1665,3,2,5.0,-18.0603933987175,1
L.E.D.,WONDER WALKER,[jubeat copious]wonder walker(adv) 譜面確認用(花),3823,5,4,5.0,-9.4170833000007,1
L.E.D.,WONDER WALKER,【太鼓さん次郎】 wonder walker 創作譜面,681,1,5,5.0,-22.0019781381463,1
L.E.D.,WONDER WALKER,【チャージマン研！】 wonder charger 【音ゲーmad】,79,0,1,5.0,-24.4135268631303,1
L.E.D.,WONDER WALKER,rb limelight プレイ動画 / titans return[m],619,1,2,3.0,-22.2503389911663,1
Neulakyussra,YAKSHA,neulakyussra - yaksha,1428,4,6,5.0,-19.0097140191472,1
Neulakyussra,YAKSHA,neulakyussra,7770,17,9,5.0,6.38827042793,1
Neulakyussra,YAKSHA,lincle yaksha spa （neulakyussra）,2856,2,6,5.0,-13.2899920765888,1
Neulakyussra,YAKSHA,[bemuri rg mixset 012] core party 02 (music game dj mixset),357,1,1,5.0,-23.2998756261967,1
Neulakyussra,YAKSHA,the last guardian / played by migu,229,0,1,5.0,-23.8126332525903,1
Neulakyussra,YAKSHA,chrysalis/yaksha,1,0,0,0.0,-24.7259940001383,1
S-C-U,yellow head joe,[remix] scu - yellow head joe [random remix],9301,40,55,5.0,12.5178418604817,1
S-C-U,yellow head joe,[djmax technika custom pattern] yellow head joe - scu,588,0,0,0.0,-22.3745198163952,1
S-C-U,yellow head joe,"yellow head joe [normal, hyper and another]",124,0,2,3.0,-24.2332581265008,1
S-C-U,yellow head joe,beatmania iidx19 lincle yellow head joe(another),290,0,0,0.0,-23.56827163103,1
S-C-U,yellow head joe,scu - 30. yellow head joe 〔tek-trance〕,16,0,0,0.0,-24.6659040354048,1
xac,Yellow Sunrise,beatmania iidx19 lincle yellow sunrise(another),8796,15,18,5.0,10.4960757821072,1
xac,Yellow Sunrise,xac - 22. yellow sunrise 〔drum'n'bass〕,9,0,0,0.0,-24.6939460112023,1
xac,Yellow Sunrise,lr2 / yellow sunrise [h],47,0,1,1.0,-24.5417183055047,1
xac,Yellow Sunrise,[bemuri rg mixset 008] jungle party 01 (music game dj mixset),300,0,2,5.0,-23.528212447,1
Tatsh,24th Century BOY,beatmania iidx19 lincle 24th century boy(another),12200,6,8,5.0,24.122615428,0
Tatsh,24th Century BOY,[beatmaniaiidx 19th lincle] tatsh - 24th century boy (spa),116,0,0,0.0,-24.2653058609648,1
Tatsh,24th Century BOY,beatmania iidx lincle 24th century boy(another) 2p見れればいい人向け,3200,3,1,5.0,-11.912216192,1
Tatsh,24th Century BOY,[6.6.6][lisse]24th century boy,169,0,3,3.6666667,-24.0529899499863,1
Tatsh,24th Century BOY,"24th century boy [normal, hyper and another]",138,0,1,5.0,-24.1771746337852,1
Tatsh,24th Century BOY,tatsh - 28. 24th century boy 〔euro rave〕,18,0,0,0.0,-24.6578920448092,1
Tatsh,24th Century BOY,iidx 19 lincle songlist -preview-,39,0,0,0.0,-24.5737662103543,1
Ryu☆,532nm,ryu☆ - 532nm,873,3,2,5.0,-21.2328674024407,1
Ryu☆,532nm,beamania iidx19 lincle 532nm(another),670,0,2,5.0,-22.04604208287,1
Ryu☆,532nm,【太鼓さん次郎】532nm,227,0,0,0.0,-23.8206451264607,1
Ryu☆,532nm,532nm(dp another)hard clear,41,0,0,0.0,-24.5657542324823,1
Ryu☆,532nm,【beatmaniaiidx 19th lincle】532nm（another),6473,2,7,5.0,1.1950432674793,1
Ryu☆,532nm,532nm(sp another)hard clear,111,1,0,0.0,-24.2853357039943,1
Ryu☆,532nm,【太鼓さん次郎 創作譜面】532nm,12,0,1,5.0,-24.6819280199152,1
佐々木博史,子供の落書き帳,"子供の落書き帳, beatmania iidx 15 dj troopers, i♥iidx",885,0,0,0.0,-21.1847983200175,1
佐々木博史,子供の落書き帳,子供の落書き帳 / 佐々木博史,935,0,0,0.0,-20.9845109053175,1
佐々木博史,子供の落書き帳,iidx csdjt military splash unknown area: 子供の落書き帳(children's sketchbook) (failed),1231,2,0,0.0,-19.7988235744263,1
佐々木博史,子供の落書き帳,ポプコンでbeatmaniaⅡdxをプレイ 子供の落書き帳(a),97,0,0,0.0,-24.3414193012647,1
佐々木博史,子供の落書き帳,【piano】～tamayura たまゆら／hirofumi sasaki 佐々木博史～【bass tab】,13415,19,18,4.7777777,28.9856012242825,0
佐々木博史,子供の落書き帳,dj dara plays 子供の落書き帳 (childrens sketchbook) on hyper,484,0,1,5.0,-22.7911283976048,1
佐々木博史,子供の落書き帳,【最近djt判定迷子】子供の落書き帳(h)【グラフがそれを物語る】,104,0,0,0.0,-24.3133774958528,1
佐々木博史,子供の落書き帳,concertino in blue,44595,67,24,5.0,153.642530850343,0
Zektbach,蛇神,[beatmaniaiidx 19th lincle] zektbach - 蛇神(spa),207,0,0,0.0,-23.9007639260167,1
Zektbach,蛇神,[hd] the epic of zektbach -masinowa- 蛇神(kagachi),1171,8,5,5.0,-20.0391636426303,1
Zektbach,蛇神,beatmania iidx19 lincle 蛇神(another),12336,13,13,5.0,24.6669699352832,0
Zektbach,蛇神,[technika viur] 蛇神- zektbach,307,0,0,0.0,-23.5001710346367,1
Zektbach,蛇神,raison d'être～交差する宿命～,141056,915,403,4.9602976,537.588609232691,1
Zektbach,蛇神,zektbach - turii ~panta rhei~ [another] (insane) difficulty,352,1,2,5.0,-23.3199051359232,1
Zektbach,蛇神,"蛇神[normal, hyper and another]",169,0,0,0.0,-24.0529899499863,1
Zektbach,蛇神,ヘタレプレイ 蛇神(hyper) beatmaniaⅡdx,81,0,0,0.0,-24.4055149073863,1
Zektbach,蛇神,太鼓さん次郎 raison d'être～交差する宿命～,4350,12,14,5.0,-7.30651698175,1
星野奏子,陽炎,陽炎/星野奏子～jubeat copious original soundtrack,8128,3,6,5.0,7.8216312956928,0
星野奏子,陽炎,beatmania iidx19 lincle 陽炎(another),10999,9,6,4.3333335,19.3152627424617,0
星野奏子,陽炎,陽炎星野奏子[jubeat copious] 音源hd画質,31,0,0,0.0,-24.6058141329063,1
星野奏子,陽炎,【jubeat copious】 陽炎 [adv] (フラワー+ハンドクラップ),7275,8,2,5.0,4.4063303860625,1
星野奏子,陽炎,【jubeat copious】 陽炎 [ext] (フラワー+ハンドクラップ),11153,9,6,5.0,19.9317149447353,0
星野奏子,陽炎,星野奏子- 13. 陽炎〔pop〕,12,0,0,0.0,-24.6819280199152,1
星野奏子,陽炎,beatmania iidx 陽炎(h),140,0,0,0.0,-24.16916271068,1
星野奏子,陽炎,太鼓さん次郎 陽炎,236,0,2,5.0,-23.7845917027568,1
星野奏子,陽炎,【iidx】 陽炎dp[a],347,1,0,0.0,-23.3399346525647,1
星野奏子,陽炎,【music】answer（星野奏子）,9667,23,9,5.0,13.9830777420513,1
Dr.Honda,君のハートにロックオン,beatmania iidx19 lincle 君のハートにロックオン(another),16576,18,15,5.0,41.6354561697792,0
Dr.Honda,君のハートにロックオン,dr.honda - 君のハートにロックオン,566,2,3,3.6666667,-22.4626483052348,1
Dr.Honda,君のハートにロックオン,[beatmaniaiidx 19th lincle] dr.honda - 君のハートにロックオン (spa),80,0,0,0.0,-24.40952088512,1
Dr.Honda,君のハートにロックオン,dr.honda - 25. 君のハートにロックオン 〔トレンディーフュージョン〕,11,0,0,0.0,-24.6859340167343,1
Prim,恋する☆宇宙戦争っ!!,beatmania iidx19 lincle 恋する☆宇宙戦争っ!!(hyper),61474,95,67,4.9402986,221.012201014909,0
Prim,恋する☆宇宙戦争っ!!,ピアノ楽譜で 恋する☆宇宙戦争っ!! (beatmania iidx 19 lincle) piano version,1933,7,36,5.0,-16.9869187564287,1
Prim,恋する☆宇宙戦争っ!!,恋する☆宇宙戦争っ!!/prim [sp hyper],2402,2,1,5.0,-15.1083859362332,1
Prim,恋する☆宇宙戦争っ!!,[beatmaniaiidx 19th lincle]prim - 恋する☆宇宙戦争っ!! (sph),200,0,0,0.0,-23.928805532,1
Prim,恋する☆宇宙戦争っ!!,beatmania iidx19 lincle 恋する☆宇宙戦争っ!!(another),8534,7,5,5.0,9.4471317277252,0
Prim,恋する☆宇宙戦争っ!!,【iidx19 lincle】 恋する☆宇宙戦争っ!! (中文字幕) 【reflec beat limelight】,10241,30,45,4.911111,16.2809413613977,1
Prim,恋する☆宇宙戦争っ!!,prim - 02. 恋する☆宇宙戦争っ!! 〔hi-bleep〕,15,0,0,0.0,-24.6699100311175,1
Prim,恋する☆宇宙戦争っ!!,[bemuri rg mixset 012] core party 02 (music game dj mixset),357,1,1,5.0,-23.2998756261967,1
Prim,恋する☆宇宙戦争っ!!,恋する☆宇宙戦争っ!![hyper] player:dj haya-e,12,0,0,0.0,-24.6819280199152,1
Prim,恋する☆宇宙戦争っ!!,team fortress 2: this is why i play scout,22,0,0,0.0,-24.6418680669372,1
山本椛(monotone),突撃！ガラスのニーソ姫！,山本椛 (monotone) - 突撃！ガラスのニーソ姫！,14691,65,32,4.75,34.0922973359777,1
山本椛(monotone),突撃！ガラスのニーソ姫！,ピアノ楽譜で 突撃！ガラスのニーソ姫！ (beatmania iidx 19 lincle) piano version,1602,6,11,5.0,-18.3127429336732,1
山本椛(monotone),突撃！ガラスのニーソ姫！,山本椛 (monotone) - 06. 突撃!ガラスのニーソ姫! 〔電波〕,12,0,0,0.0,-24.6819280199152,1
Beridzebeth,聖人の塔,beatmania iidx19 lincle 聖人の塔[beridzebeth] (another),18875,11,11,4.6363635,50.8339784640625,0
Beridzebeth,聖人の塔,beridzebeth - 聖人の塔,1542,4,6,5.0,-18.5530768447612,1
Beridzebeth,聖人の塔,聖人の塔 - beridzebeth - stepmania,70,0,2,5.0,-24.44958067767,1
Beridzebeth,聖人の塔,lr2 - beridzebeth / 聖人の塔 (h),318,0,0,0.0,-23.4561059854492,1
Beridzebeth,聖人の塔,beridzebeth,8974,22,6,5.0,11.2087063309092,1
Beridzebeth,聖人の塔,聖人の塔 (beridzebeth) /normal,1,0,0,0.0,-24.7259940001383,1
Beridzebeth,聖人の塔,【beatmaniaiidx lincle】「beridzebeth」（normal）,2369,1,1,5.0,-15.2405621618663,1
Beridzebeth,聖人の塔,【beatmaniaiidx lincle】「beridzebeth」（another）,859,2,1,5.0,-21.2889480489423,1
Beridzebeth,聖人の塔,"聖人の塔 [normal, hyper and another]",417,0,0,0.0,-23.0595220488487,1
Beridzebeth,聖人の塔,beatmania iidx19 lincle [dph] (beridzebeth),185,0,0,0.0,-23.9888947333175,1
Beridzebeth,聖人の塔,beatmania iidx lincle beridzebeth[a] (正規),195,0,0,0.0,-23.9488352588575,1
Beridzebeth,聖人の塔,【太鼓さん次郎】聖人の塔【創作譜面】,37,0,0,0.0,-24.5817781893327,1
Beridzebeth,聖人の塔,u2 & pavarotti - miss sarajevo (subtitulado español),655399,1746,1969,4.973591,2541.3919264555,0
Beridzebeth,聖人の塔,morgenthau and the new administration,1442,6,6,3.0,-18.9536355760412,1
iNO,衰色小町メランコリア,beatmania iidx19 lincle 衰色小町メランコリア(another),45514,66,35,4.6571426,157.312592203693,0
iNO,衰色小町メランコリア,ino - 衰色小町メランコリア,635,4,2,5.0,-22.1862457660175,1
iNO,衰色小町メランコリア,[beatmaniaiidx 19th lincle] ino - 衰色小町メランコリア (spa),135,1,0,0.0,-24.1891925205175,1
iNO,衰色小町メランコリア,[beatmaniaiidx 19 lincle]衰色小町メランコリア(spa) レイヤー検証,595,3,3,3.6666667,-22.3464789616575,1
iNO,衰色小町メランコリア,ino - 07. 衰色小町メランコリア 〔neo classical dance〕,14,0,0,0.0,-24.6739160271068,1
Cuvelia,天空の夜明け,cuvelia - 天空の夜明け,2905,7,7,5.0,-13.0937371171575,1
Cuvelia,天空の夜明け,cuvelia - 天空の夜明け,17647,40,20,5.0,45.9208130829753,0
Cuvelia,天空の夜明け,ピアノde【天空の夜明け(cuvelia)】~beatmaniaⅡdx~,7908,28,87,4.954023,6.9407992070288,1
Cuvelia,天空の夜明け,【太鼓さん次郎】cuvelia【天空の夜明け】,281,0,0,0.0,-23.6043249203063,1
Cuvelia,天空の夜明け,【ピアノ楽譜】 beatmania iidx 19 lincle - 天空の夜明け,13032,45,44,5.0,27.4527040927808,1
Cuvelia,天空の夜明け,lincle 天空の夜明け spa (cuvelia),13656,20,15,5.0,29.9501449397312,0
Cuvelia,天空の夜明け,beatmania iidx19 lincle [sph] cuvelia,588,0,0,0.0,-22.3745198163952,1
Cuvelia,天空の夜明け,the last guardian / played by migu,229,0,1,5.0,-23.8126332525903,1
Cuvelia,天空の夜明け,太鼓さん次郎 天空の夜明け 創作譜面,86,0,1,5.0,-24.3854850228668,1
Cuvelia,天空の夜明け,cubelia - 天空の夜明け,43777,47,16,4.75,150.375620321679,0
Cuvelia,天空の夜明け,[dwi] 天空の夜明け,76,0,0,0.0,-24.4255447988208,1
Cuvelia,天空の夜明け,beatmaniaiidx19 lincle sp021,2654,4,2,5.0,-14.0990501459228,1
Cuvelia,天空の夜明け,cybele cuvelia sph,1228,1,1,5.0,-19.8108405541872,1
Cuvelia,天空の夜明け,beatmaniaiidx19 lincle sp019,37308,78,47,5.0,124.533350046709,0
MYTHOLOGIA by MLREC.,ユミル,beatmania iidx19 lincle ユミル(another),9811,10,4,4.0,14.5595538337857,0
MYTHOLOGIA by MLREC.,ユミル,mythologia by mlrec. - 17. ユミル 〔symphonic-tek〕,12,0,0,0.0,-24.6819280199152,1
MYTHOLOGIA by MLREC.,ユミル,"ユミル [normal, hyper and another]",232,0,0,0.0,-23.8006154438592,1
